Word,Synonym,Haiku
ABASH,Embarrass,"Cheeks flush red with shame / Confidence retreats inside / Pride meets its defeat"
ABOIL,Bubbling,"Water churns with heat / Agitation reaches peak / Turmoil in the pot"
ABUZZ,Humming,"Activity swarms / Excitement fills every space / Energy alive"
ACHED,Hurt,"Pain settled in deep / Body remembered the strain / Soreness lingered on"
ACHOO,Sneeze,"Sudden burst of air / Nose announces its distress / Bless you follows quick"
ACING,Excelling,"Perfect marks achieved / Mastery on full display / Success without fail"
ACTED,Performed,"Stage received the role / Behavior shaped the moment / Pretense became real"
ADDED,Included,"Sum grew with the new / Contribution joined the whole / More than was before"
ADDER,Snake,"Venomous and still / Slithering through British grass / Danger coiled tight"
ADDLE,Confuse,"Mind becomes the fog / Thoughts tangle beyond repair / Clarity has fled"
ADIEU,Goodbye,"French farewell spoken / Parting words with elegance / Until we meet again"
ADIOS,Farewell,"Spanish goodbye calls / Departure with warmth expressed / See you down the road"
ADOBO,Stew,"Filipino feast / Vinegar and soy combine / Comfort in a bowl"
AEGIS,Protection,"Shield guards from above / Sponsorship provides cover / Safety guaranteed"
AERIE,Nest,"Eagle's high-up home / Cliffside dwelling built with care / Sky-bound sanctuary"
AFORE,Before,"In times now long past / Earlier than present day / What came first remains"
AGAVE,Succulent,"Desert plant waits / Tequila's patient mother / Spiky leaves hold sweet"
AGITA,Anxiety,"Stomach churns with stress / Italian worry takes hold / Nerves won't settle down"
AHOLD,Grip,"Grasping something tight / Contact finally achieved / Holding on secure"
AIDED,Helped,"Assistance arrived / Support made the difference / Kindness lent a hand"
AILED,Suffered,"Sickness took its toll / Something troubled deep within / Health was compromised"
AIMED,Targeted,"Focus found its mark / Direction chosen with care / Purpose set in sight"
AIOLI,Sauce,"Garlic meets the oil / Mediterranean delight / Creamy dip awaits"
AIRED,Broadcast,"Waves carried the show / Transmission reached the masses / Freshness filled the room"
AIRER,Rack,"Laundry dries on frame / Clothes hang in the patient wait / Moisture leaves the cloth"
ALDER,Tree,"Riverside it grows / Wood that loves the wetland soil / Catkins in the spring"
ALIAS,Pseudonym,"Name hides the real one / Identity concealed here / Cover story holds"
ALOHA,Greeting,"Hawaiian warmth / Hello goodbye and love / Spirit of the isles"
AMARO,Liqueur,"Bitter herbs infuse / Italian digestive waits / Complex flavors bloom"
AMBIT,Scope,"Boundaries defined / Range of influence measured / Limits clearly set"
AMIGO,Friend,"Spanish friendship speaks / Companion walks beside you / Bond across the tongue"
AMINO,Acid,"Building blocks of life / Proteins form from these small chains / Chemistry of us"
AMOUR,Love,"French passion ignites / Romance spoken tenderly / Heart's deep affection"
AMPED,Excited,"Energy cranked high / Enthusiasm overflows / Ready for the rush"
AMUCK,Wild,"Running without check / Chaos unleashed everywhere / Control abandoned"
ANCHO,Chili,"Dried poblano waits / Mild heat with fruity richness / Mexican flavor"
ANISE,Spice,"Licorice taste blooms / Star-shaped or seed form offered / Distinctive and bold"
ANNAL,Record,"History written / Yearly chronicle maintained / Past preserved in text"
ANTSY,Restless,"Cannot sit still now / Impatience squirms in the seat / Fidgeting begins"
APACE,Quickly,"Speed maintains its pace / Progress moves along swiftly / Time does not slow down"
ARCED,Curved,"Path bent through the air / Electricity jumped gaps / Graceful trajectory"
ARGON,Gas,"Noble element / Inert and filling light bulbs / Atmosphere's small part"
ARGOT,Slang,"Insider language / Group speaks in coded phrases / Outsiders confused"
ARMED,Equipped,"Weapons at the ready / Prepared for confrontation / Defense or attack"
ASHED,Burned,"Cigarette dropped gray / Fire left its dusty remains / Consumed by the flame"
ASKED,Inquired,"Question left the lips / Information was requested / Curiosity spoke"
ASKER,Questioner,"One who seeks to know / Inquiry comes from this one / Answers are pursued"
ASPEN,Tree,"White bark catches light / Leaves tremble in softest breeze / Mountain beauty stands"
ASPIC,Gelatin,"Savory jelly molds / Retro cuisine preserved here / Meat suspended clear"
ASTER,Flower,"Star-shaped petals spread / Autumn garden's late bright bloom / Purple beauty waits"
ASTIR,Active,"Movement has begun / Waking from the quiet still / Stirring into life"
AUGER,Drill,"Spiral blade digs deep / Boring holes through earth or wood / Twisting excavation"
AURAL,Hearing,"Of the ear it speaks / Sound perception indicated / Listening defined"
AVAST,Stop,"Nautical command / Cease what you are doing now / Sailors halt at once"
BABKA,Bread,"Swirled with chocolate / Eastern European sweet / Braided dough delights"
BAKED,Cooked,"Oven heat transformed / Dry warmth changed the raw to done / Golden crust emerged"
BALDY,Hairless,"Scalp shines without hair / Follicles gave up the fight / Smooth dome on display"
BALED,Bundled,"Hay compressed in blocks / Wire or twine holds tight the stack / Harvest packed away"
BALKY,Stubborn,"Refusing to move / Obstinate beyond reason / Cooperation gone"
BANDY,Exchange,"Words tossed back and forth / Curved legs bowing outward / Discussion volleys"
BARED,Exposed,"Covering removed / What was hidden now revealed / Nakedness displayed"
BARER,Emptier,"Less adorned than that / Stripped down further than before / More exposed it stands"
BASED,Founded,"Foundation was set / Headquarters established here / Grounded in the place"
BATED,Held,"Breath suspended tight / Anticipation gripped hard / Waiting without air"
BATIK,Fabric,"Wax resists the dye / Indonesian art on cloth / Patterns emerge bold"
BAYED,Howled,"Hound voice filled the night / Deep prolonged call echoed far / Hunt announced itself"
BEBOP,Jazz,"Complex rhythms fly / Improvisation runs free / Forties music swings"
BEFOG,Obscure,"Mist clouds up the view / Confusion settles in thick / Clarity now lost"
BEGOT,Fathered,"Offspring was produced / Generation came from this / Life passed to the next"
BEIGE,Tan,"Neutral tone persists / Neither white nor brown quite yet / Safe color choice made"
BENDY,Flexible,"Easily it curves / Rigidity not the style / Pliable nature"
BESOT,Intoxicate,"Drink clouds the judgment / Infatuation takes hold / Reason overcome"
BIDED,Waited,"Time was passed with care / Patience held until ready / Moment was awaited"
BIDET,Fixture,"Water cleanses there / Bathroom hygiene European / Stream refreshes skin"
BIKED,Pedaled,"Two wheels carried far / Legs pumped through the journey / Cycling completed"
BIKER,Cyclist,"Rider takes the road / Motorcycle or pedal power / Journey on two wheels"
BILGY,Foul,"Ship's bottom smell / Stagnant water odor / Nautical mustiness"
BIPED,Walker,"Two legs carry weight / Upright locomotion style / Humans qualify"
BIPOD,Stand,"Two legs support it / Rifle steadied for the shot / Stability base"
BITER,Attacker,"Teeth sink in the flesh / One who chomps down on targets / Aggressive with jaws"
BITSY,Tiny,"Itsy goes before / Smallest size imaginable / Miniature defined"
BLASE,Unimpressed,"Been there done that mood / Nothing excites anymore / Indifference reigns"
BLING,Jewelry,"Flashy gems on show / Hip hop's sparkling display / Wealth made visible"
BOCCE,Game,"Italian balls roll / Lawn game of precision aim / Close to pallino"
BODED,Foretold,"Omen indicated / Signs pointed to what would come / Portent was observed"
BOFFO,Successful,"Box office smash hit / Excellent beyond measure / Outstanding review"
BOGEY,Score,"One over par made / Golf's minor disappointment / Could have been better"
BOGGY,Marshy,"Wet ground sinks the foot / Swampy terrain everywhere / Water-logged soil"
BOGIE,Phantom,"Spook in the shadows / Unidentified threat lurks / Specter undefined"
BOGUS,Fake,"Not the real thing here / Authenticity is lacking / Counterfeit exposed"
BOING,Bounce,"Spring sound effect made / Cartoon physics announced / Rebound vocalized"
BOLUS,Mass,"Chewed food ball travels / Medical dose delivered / Rounded lump of stuff"
BONED,Deboned,"Skeleton removed / Fish prepared without the bones / Structure taken out"
BONER,Blunder,"Embarrassing mistake / Error obvious to all / Foolish slip occurred"
BONNY,Pretty,"Scottish beauty shines / Pleasant and attractive seen / Fair and good to view"
BOOED,Jeered,"Crowd showed displeasure / Disapproval vocalized / Performance rejected"
BORED,Weary,"Interest departed / Nothing holds attention now / Tedium has won"
BORON,Element,"Atomic five waits / Metalloid in compounds / Chemistry's building block"
BOSON,Particle,"Force carrier spins / Physics names this quantum thing / Higgs made it famous"
BOWED,Bent,"Curve formed under strain / Reverence shown through the gesture / Head inclined in respect"
BOWER,Arbor,"Leafy shelter waits / Garden retreat shaded well / Nature's private room"
BOXED,Contained,"Cardboard held it in / Confined within the corners / Packaged for transport"
BRAVA,Bravo,"Feminine acclaim / Italian applause rings out / Performance praised well"
BRIER,Thorny,"Prickly plant grows wild / Pipe made from this root wood / Scratches those who pass"
BRONC,Horse,"Untamed mount bucks hard / Rodeo challenge awaits / Cowboy tries to stay"
BRUSK,Curt,"Manner short and rough / Politeness not the priority / Abrupt interaction"
BULGY,Swollen,"Protrusion shows through / Surface pushed out from within / Rounded expansion"
BUMPY,Rough,"Surface has no smooth / Turbulence in the journey / Jolting ride ahead"
BURKA,Garment,"Full coverage worn / Islamic modesty dress / Face and form concealed"
BURRO,Donkey,"Small pack animal / Mexican helper carries / Sturdy beast of burden"
BURSA,Sac,"Fluid cushions joint / Inflammation causes pain / Body's padding place"
BUSTY,Curvy,"Chest prominently sized / Endowed with amplitude there / Figure well defined"
BUZZY,Vibrating,"Humming with the sound / Energy electric hums / Excitement trembles"
BYWAY,Road,"Secondary path / Less traveled route awaits / Off the main highway"
CADGE,Beg,"Mooching for a handout / Borrowing without return / Scrounging what you can"
CADRE,Group,"Core team assembled / Trained nucleus of members / Elite unit formed"
CAGED,Confined,"Bars held in the captive / Freedom taken away here / Imprisoned creature"
CAKED,Crusted,"Layer hardened on / Dried and stuck in place now / Buildup won't come off"
CALVE,Birth,"Ice breaks from glacier / Cow delivers its young / Separation comes"
CAMPY,Theatrical,"Over the top style / Deliberately tacky charm / Exaggerated fun"
CANED,Beat,"Struck with the rod / Rattan furniture made / Punishment delivered"
CAPED,Cloaked,"Wearing the flowing cloth / Superhero style displayed / Garment on shoulders"
CAPRI,Pants,"Cropped at the calf length / Italian isle named these / Summer fashion choice"
CARED,Concerned,"Attention was given / Feelings mattered deeply / Investment of heart"
CARET,Symbol,"Insertion mark made / Proofreader's upward arrow / Edit indicator"
CARNY,Worker,"Carnival employee / Traveling show's staff member / Midway operator"
CAROM,Bounce,"Ricochet angle / Billiard ball rebounds off / Indirect contact"
CARTE,Menu,"Blanche gives freedom full / French for card or list of foods / Options laid before"
CASED,Surveyed,"Location was studied / Criminal preparation done / Sizing up the joint"
CAVED,Collapsed,"Gave in to pressure / Structure fell upon itself / Resistance ended"
CAWED,Called,"Crow voice filled the air / Harsh bird sound echoed around / Raucous announcement"
CEDED,Surrendered,"Territory given / Control was passed to another / Yielding what was held"
CELEB,Star,"Famous person shines / Celebrity abbreviated / Public figure known"
CHAAT,Snack,"Indian street food / Savory spicy tangy mix / Flavors explode bright"
CHARY,Cautious,"Careful and wary / Reluctant to take the risk / Hesitant approach"
CHEEP,Chirp,"Baby bird voice calls / Small soft sound from tiny throat / Nestling speaks up"
CHEMO,Treatment,"Cancer therapy / Chemicals attack disease / Medicine's hard fight"
CHEWY,Tough,"Requires much chewing / Texture resists the bite / Jaw gets a workout"
CHIMP,Ape,"Closest primate kin / Intelligence in the eyes / Jungle family"
CHINO,Pants,"Khaki cotton twill / Casual trouser standard / Preppy wardrobe staple"
CHIVE,Herb,"Onion's mild cousin / Green tubes garnish the dish / Delicate flavor"
CHOMP,Chew,"Biting down with force / Vigorous mastication / Eating audibly"
CITED,Referenced,"Source was credited / Evidence was provided / Authority invoked"
CIVET,Mammal,"Coffee beans passed through / Nocturnal cat-like creature / Musk producer lives"
CLADE,Group,"Evolutionary branch / Common ancestor shared / Taxonomy's cluster"
CLIME,Climate,"Region's weather type / Poetic word for climate / Zone of temperature"
CLOMP,Stomp,"Heavy footsteps fall / Loud walking cannot be helped / Boots announce arrival"
CLUNK,Thud,"Heavy dull sound made / Object dropped without grace / Impact resonates"
COCKY,Arrogant,"Confidence excess / Swagger beyond what is earned / Pride precedes the fall"
CODED,Encrypted,"Message was disguised / Programming language written / Meaning hidden deep"
CODER,Programmer,"Writing the software / Lines of logic crafted / Digital creator"
CODEX,Manuscript,"Ancient book preserved / Bound pages hold old wisdom / Historical text"
COMBO,Combination,"Mix of things as one / Meal deal bundled together / Fusion achieved"
CONED,Marked,"Traffic barriers placed / Ice cream shape was formed / Orange warning set"
CONGA,Dance,"Line follows the beat / Cuban rhythm moves the hips / Party snake forms up"
COOED,Murmured,"Dove sound soft and low / Baby voice expressed content / Gentle utterance"
COPAY,Fee,"Insurance portion / Patient's share of medical cost / Out of pocket paid"
COPED,Managed,"Dealt with difficulty / Handled what life presented / Got through somehow"
CORED,Hollowed,"Center was removed / Apple's seeds extracted clean / Middle taken out"
CORGI,Dog,"Short legs long body / Queen's favorite companion / Welsh herding breed"
CORKY,Woody,"Texture of bottle stopper / Wine tainted by bad cork / Bark-like quality"
CORPS,Unit,"Military body / Organized group assembled / Team with purpose formed"
COUTH,Refined,"Sophistication shown / Manners polished and correct / Opposite of crude"
COWED,Intimidated,"Fear made them submit / Bullied into compliance / Spirit was broken"
COXED,Steered,"Rowing boat directed / Commands given to the crew / Navigation done"
CREMA,Foam,"Espresso's golden top / Emulsified oils float / Coffee's crowning layer"
CROON,Sing,"Soft melodic voice / Romantic ballad style / Smooth and tender sound"
CUBBY,Nook,"Small compartment waits / Storage space for little things / Cozy hiding spot"
CUBED,Diced,"Cut into small blocks / Three-dimensional squares made / Geometric chopping"
CUBIT,Measure,"Ancient length from elbow / Forearm measurement used / Biblical standard"
CUING,Signaling,"Prompting the response / Giving the indication / Signal being sent"
CUPID,Archer,"Love's arrow takes flight / Cherub aims at willing hearts / Romance personified"
CURED,Healed,"Disease was defeated / Preservation method used / Health was restored"
CURER,Healer,"One who makes things well / Meat preserver at the craft / Remedy provider"
CUSHY,Easy,"Comfortable position / Soft assignment received / Effort minimal"
CUTER,Prettier,"More adorable than / Comparison of sweetness / Attractiveness increased"
CUTUP,Joker,"Class clown entertains / Mischief maker brings the laughs / Prankster at their best"
DACHA,Cottage,"Russian country home / Summer retreat from city / Escape to nature"
DAFFY,Silly,"Crazy in fun way / Looney Tunes duck behavior / Absurdly amusing"
DARED,Challenged,"Courage was tested / Risk was accepted boldly / Fear was confronted"
DATED,Outdated,"Time has moved beyond / Romance was pursued with them / No longer current"
DATER,Suitor,"One seeking romance / Going out with potential / Relationship hunter"
DAZED,Stunned,"Shock left them confused / Unable to think clearly / Bewildered and lost"
DECAF,Coffee,"Caffeine removed here / Morning drink without the buzz / Sleepless no more"
DEFOG,Clear,"Mist removed from glass / Visibility restored / Condensation gone"
DEIFY,Worship,"Making into god / Exalting to divine status / Reverence extreme"
DEIST,Believer,"God exists but distant / Reason guides faith / Creator who stepped back"
DICED,Chopped,"Small cubes were created / Knife work precise and even / Vegetables prepared"
DICER,Cutter,"Tool for making cubes / One who chops with precision / Kitchen gadget works"
DIKED,Walled,"Embankment was built / Water held back by barrier / Flood protection made"
DINED,Ate,"Meal was consumed well / Eating with some elegance / Supper was enjoyed"
DINKY,Small,"Tiny and unimpressive / Insignificant in size / Compact to a fault"
DIPPY,Silly,"Scatterbrained behavior / Foolish in an endearing way / Ditzy describes well"
DITSY,Flighty,"Scattered in thought / Silly and disorganized / Airhead tendencies"
DITZY,Scatterbrained,"Mind wanders too much / Focus is hard to maintain / Flaky in manner"
DIVAN,Couch,"Low sofa awaits / Middle Eastern furniture / Reclining comfort"
DIVED,Plunged,"Headfirst entry made / Descent into water swift / Downward motion took"
DIVOT,Hole,"Turf chunk displaced / Golfer's swing left this mark / Ground needs repair now"
DIVVY,Split,"Divide up the shares / Distribution fairly done / Portions handed out"
DOGGO,Hidden,"Lying low in wait / Staying quiet out of sight / Australian slang"
DOGGY,Canine,"Puppy styled position / Pet term of affection / Four-legged friend waits"
DOILY,Mat,"Lace decorates table / Delicate paper or cloth / Grandmother's touch"
DOLED,Distributed,"Portions handed out / Rationed carefully to each / Shares were allocated"
DOLMA,Food,"Stuffed grape leaves wait / Mediterranean delight / Rice and meat inside"
DOMED,Rounded,"Curved roof tops the space / Hemisphere shape achieved / Arched covering made"
DOOZY,Remarkable,"Something special here / Outstanding or difficult / Noteworthy indeed"
DOPED,Drugged,"Substances were used / Performance was enhanced / Intoxication came"
DOPER,User,"One who takes the drugs / Substance abuser identified / Addict in the making"
DORKY,Awkward,"Socially ungainly / Nerdy in endearing way / Uncool but charming"
DOSED,Medicated,"Amount was given / Quantity carefully measured / Treatment administered"
DOTED,Adored,"Excessive love shown / Lavishing attention full / Spoiling with affection"
DOTTY,Eccentric,"Slightly mad perhaps / Quirky in behavior shown / Charming oddity"
DOULA,Supporter,"Birth companion guides / Labor support provided / Comfort through the pain"
DOUSE,Drench,"Water poured on flame / Soaking wet completely / Extinguished by liquid"
DOWSE,Search,"Divining rod dips / Water sought beneath the ground / Mystical finding"
DOXED,Exposed,"Private info leaked / Identity revealed online / Personal data shared"
DOZED,Napped,"Light sleep took over / Drifting off momentarily / Consciousness faded"
DOZER,Bulldozer,"Heavy machine pushes / Earth moved by this mighty beast / Construction's workhorse"
DROID,Robot,"Android shortened down / Mechanical being works / Star Wars made it famous"
DUCAT,Coin,"Old European gold / Historical currency / Medieval money"
DUCKY,Fine,"Everything is great / Satisfactory and good / Rubber bath toy floats"
DUKED,Fought,"Fists flew in the brawl / Battled it out with punches / Combat was engaged"
DUPED,Fooled,"Trick succeeded well / Deception caught the target / Scam worked perfectly"
DWEEB,Nerd,"Social awkwardness / Studious and unfashionable / Geek without the cool"
EARED,Handled,"Possessed the organs / Corn with its husks attached / Listening capable"
EASED,Relieved,"Tension was reduced / Transition made more gentle / Comfort was increased"
EBBED,Receded,"Tide pulled back to sea / Flow diminished over time / Energy decreased"
EBOOK,Digital,"Pages on the screen / Literature electronic / Reading modernized"
EDEMA,Swelling,"Fluid fills the tissue / Medical condition named / Puffiness appears"
EDGED,Bordered,"Boundary was approached / Margin crept along the line / Sharpened tool prepared"
EDGER,Tool,"Lawn border trimmer / Creates the clean garden line / Grass meets sidewalk neat"
EDUCE,Extract,"Drawing out the truth / Information coaxed from source / Eliciting facts"
EGGED,Urged,"Encouragement given / Incited to take action / Pushed to do the thing"
EIDER,Duck,"Down feathers so soft / Northern sea bird provides warmth / Comforter's filling"
EMERY,Abrasive,"Nail file material / Rough surface smooths the edges / Grinding powder used"
EMOJI,Symbol,"Digital faces / Expression without the words / Tiny pictures speak"
EMOTE,Express,"Feelings shown with force / Theatrical display / Emotions released"
ENDED,Finished,"Conclusion arrived / What was ongoing now stopped / Completion achieved"
ERRED,Mistook,"Mistake was committed / Judgment failed in the moment / Wrong path was taken"
ETHYL,Alcohol,"Chemical compound / Fuel additive named / Organic chemistry"
EXPAT,Emigrant,"Living abroad now / Home country left behind / Foreign resident"
EXUDE,Emit,"Oozing from within / Confidence pours from the pores / Radiating out"
EXURB,Suburb,"Beyond the suburbs / Prosperous outlying zone / Commuter distance"
FACED,Confronted,"Challenge was met head on / Direction was oriented / Covered with surface"
FADED,Dulled,"Color lost its strength / Brightness diminished with time / Vibrancy departed"
FADER,Slider,"Volume control moves / Sound mixing equipment / Adjustment device"
FAKED,Pretended,"Authenticity missing / Deception was performed / Not the real thing"
FAKER,Imposter,"One who pretends false / Authenticity they lack / Fraud in disguise"
FAKIR,Ascetic,"Holy man begs alms / Indian mystic performs / Spiritual seeker"
FAMED,Famous,"Reputation spread / Well known throughout the land / Celebrity achieved"
FARED,Managed,"How did it go then / Progress through the situation / Outcome was achieved"
FATED,Destined,"Predetermined path / Meant to be from the start / Unavoidable end"
FATWA,Ruling,"Islamic decree / Religious opinion given / Legal judgment made"
FAXED,Transmitted,"Document was sent / Phone line carried the image / Old technology"
FAZED,Bothered,"Disturbed by the event / Composure was affected / Rattled by the thing"
FECES,Waste,"Bodily excrement / What remains after digestion / Unpleasant but real"
FEINT,Fake,"Deceptive movement / Pretend attack draws response / Misdirection works"
FETED,Celebrated,"Honored with a party / Praised and entertained well / Recognition given"
FILCH,Steal,"Pilfering small things / Petty theft committed / Sneaky taking done"
FILED,Organized,"Documents arranged / Smooth surface was created / Walking single line"
FINED,Penalized,"Money was demanded / Punishment for violation / Ticket was issued"
FIRED,Dismissed,"Job was terminated / Bullets left the weapon / Flames were ignited"
FIRTH,Inlet,"Scottish water arm / Estuary by another name / Sea meets the land"
FIXED,Repaired,"Broken now made whole / Gaze was held without moving / Outcome was arranged"
FLIED,Flew,"Ball went to outfield / Past tense for baseball only / Caught for the out"
FLOWY,Loose,"Fabric moves with grace / Draping without restriction / Fluid silhouette"
FLUKY,Lucky,"Chance brought the success / Unexpected good fortune / Accidental win"
FLYBY,Pass,"Spacecraft zooms past / Quick visit without landing / Brief encounter made"
FOGEY,Conservative,"Old-fashioned person / Stuck in the ways of the past / Resistant to change"
FOGIE,Fuddy-duddy,"Elderly mindset / Out of touch with current times / Behind the era"
FOLIC,Acid,"B vitamin named / Pregnancy supplement needed / Cell growth supported"
FOLKY,Rustic,"Traditional music style / Acoustic and earthy sound / Simple and homespun"
FOUNT,Source,"Fountain of knowledge / Origin from which things flow / Spring of abundance"
FRACK,Extract,"Hydraulic fracturing / Oil and gas forced from rock / Controversial method"
FRISE,Curly,"Lettuce leaf type named / French for curled decoration / Architectural trim"
FRIZZ,Fluff,"Hair rebels with static / Humidity's enemy / Uncontrolled texture"
FROSH,Freshman,"First year student starts / College newcomer arrives / Beginning the journey"
FRUMP,Dowdy,"Unfashionable dresser / Drab and unattractive style / Fashion challenged soul"
FRYER,Pan,"Cooking vessel waits / Deep fat preparation / Chicken's destiny"
FUBAR,Broken,"Military slang / Situation beyond repair / Messed up completely"
FUDGY,Rich,"Dense chocolate texture / Brownies at their finest / Gooey perfection"
FUMED,Raged,"Anger filled the air / Smoke rose from the process / Fury was expressed"
FUNGO,Bat,"Practice hit achieved / Coach tosses ball to self / Baseball training tool"
FUSED,Merged,"Joined together now / Melted into single mass / Combination formed"
FUSTY,Musty,"Stale and old-fashioned / Moldy smell pervades the space / Outdated and damp"
FUTON,Bed,"Japanese mattress / Folds for daytime storage / Dual-purpose sleep"
GABBY,Talkative,"Words never stop flowing / Chatter fills up all the space / Conversation queen"
GABLE,Roof,"Triangular peak / Architecture's pointed end / House's distinctive top"
GAMED,Played,"System was exploited / Strategy was employed / Competition engaged"
GAMEY,Pungent,"Wild meat flavor / Strong taste indicates age / Hunting's distinctive"
GAPED,Stared,"Mouth hung open wide / Astonishment displayed clear / Shock frozen the face"
GATED,Enclosed,"Community secured / Entrance controlled by barrier / Access restricted"
GATOR,Alligator,"Swamp reptile lurks / Florida's dangerous beast / Teeth and armor wait"
GAUZY,Sheer,"Thin fabric floats light / Transparent and delicate / Veil-like quality"
GAZED,Looked,"Eyes fixed on the view / Contemplation took its time / Staring with intent"
GEODE,Rock,"Crystal cave inside / Plain exterior hides gems / Nature's surprise gift"
GETUP,Outfit,"Costume assembled / Unusual attire worn / Morning rising too"
GIBED,Mocked,"Taunting words were thrown / Ridicule was delivered / Sailing term as well"
GIMME,Give,"Demand made simple / Easy putt conceded / Hand it over now"
GLAMP,Camp,"Glamorous camping / Luxury meets the outdoors / Comfort in nature"
GLITZ,Sparkle,"Flashy showiness / Glamour turned to maximum / Dazzle everywhere"
GLOAM,Twilight,"Evening light fades soft / Dusk settles over the land / Day surrenders slow"
GLOOP,Goo,"Viscous substance drips / Sticky mess without a name / Undefined slime"
GLOWY,Radiant,"Light seems to pour out / Luminous complexion / Healthy appearance"
GLUED,Attached,"Adhesive did work / Stuck together permanently / Bond was created"
GLUTE,Muscle,"Buttock power source / Gym's favorite exercise / Sitting cushion too"
GNARL,Twist,"Knotted wood protrudes / Twisted growth deforms the tree / Rough distortion shows"
GONNA,Going,"Casual contraction / Future intention expressed / Informal speech"
GONZO,Wild,"Journalism extreme / Hunter Thompson's legacy / Unconventional style"
GOOPY,Sticky,"Messy consistency / Viscous and hard to manage / Gooey describes well"
GORED,Pierced,"Horn made contact sharp / Bullfight's dangerous moment / Skirt's triangular piece"
GORSE,Shrub,"Yellow flowers bloom / Prickly evergreen grows wild / British heathland plant"
GOTTA,Must,"Have to do this thing / Colloquial necessity / Informal need"
GRIST,Material,"Mill's grinding content / Useful matter for the work / Fodder for the task"
GRUMP,Grouch,"Bad mood personified / Complaining comes naturally / Cheerfulness absent"
GULAG,Prison,"Soviet labor camp / Political imprisonment / Cold Siberian fate"
GUNKY,Grimy,"Sticky dirty mess / Residue built up thick / Crud accumulated"
GUSHY,Effusive,"Emotion overflows / Sentiment too freely shared / Excessive feeling"
GUSSY,Dress,"Fancy up the look / Making more presentable / Decorating self"
GUTSY,Brave,"Courage on display / Taking risk without much fear / Bold action taken"
GUTTY,Plucky,"Determination shown / Intestinal fortitude / Tough spirit inside"
HACKY,Crude,"Sack kicked in circle / Amateurish in quality / Makeshift solution"
HAIKU,Poem,"Seventeen syllables / Japanese form captures much / Nature in few words"
HALAL,Permitted,"Islamic law allows / Food prepared by the rules / Religiously proper"
HANKY,Cloth,"Handkerchief shortened / Pocket square for tears / Fabric for the nose"
HATED,Despised,"Strong dislike was felt / Animosity directed / Love's opposite lived"
HAZED,Initiated,"Ritual abuse / Newcomer tested harshly / Membership's cruel price"
HENNA,Dye,"Reddish plant color / Temporary tattoo made / Hair treatment ancient"
HERTZ,Frequency,"Cycles per second / Sound wave measurement / Radio dial number"
HEWED,Chopped,"Ax shaped the timber / Cutting with heavy strokes / Wood was fashioned"
HEXED,Cursed,"Spell was cast upon / Bad luck magically sent / Jinxed by dark magic"
HIDER,Concealer,"One who stays unseen / Seeking safety out of sight / Game player waiting"
HIJAB,Veil,"Muslim head covering / Modesty through fabric / Faith made visible"
HIKED,Walked,"Trail was followed long / Price was raised significantly / Boot-covered miles"
HIKER,Trekker,"Trail enthusiast / Nature walker explores / Mountain paths await"
HINKY,Suspicious,"Something feels off here / Not quite right about this / Sketchy vibes received"
HIRED,Employed,"Job was given out / Worker brought onto the team / Contract was signed"
HIREE,Employee,"One who was brought on / Worker newly recruited / Staff addition made"
HIRER,Employer,"One who gives the job / Recruiter makes decision / Boss brings them aboard"
HISSY,Fit,"Tantrum thrown in rage / Emotional outburst loud / Drama on display"
HIVED,Stored,"Bees put honey away / Separated from the group / Colony organized"
HOAGY,Sandwich,"Submarine style meal / Philadelphia creation / Long roll filled with stuff"
HOARY,Ancient,"White with age or frost / Old and venerable / Time has made it pale"
HOCUS,Magic,"Pocus follows quick / Trick performed with flourish / Sleight of hand begins"
HOKEY,Corny,"Overly sentimental / Artificial emotion / Cheesy and contrived"
HOKUM,Nonsense,"False pretentious talk / Deception through empty words / Meaningless claptrap"
HOLED,Sheltered,"Hiding place was found / Refuge taken in the space / Burrowed away safe"
HOMED,Targeted,"Destination found / Guided to the location / Pigeon returned true"
HOMEY,Cozy,"Comfortable and warm / Like being at home feels / Welcoming and snug"
HONED,Sharpened,"Edge was refined well / Skill improved through practice / Precision achieved"
HOOCH,Liquor,"Illegal alcohol / Homemade spirits distilled / Moonshine by a name"
HOODY,Sweatshirt,"Pullover with hood / Casual comfort garment / Urban fashion piece"
HOOEY,Nonsense,"Balderdash spoken / Rubbish fills the conversation / Nothing of value"
HOOKY,Truant,"Playing the absent game / Skipping school or work today / Hiding from duty"
HOPED,Wished,"Optimism lived / Desire for good outcome / Faith in the future"
HOPPY,Bitter,"Beer flavor profile / Craft brew characteristic / IPA describes"
HOSED,Drenched,"Water blasted full / Situation went badly / Completely defeated"
HUBBY,Husband,"Spouse affectionately named / Partner in the marriage / Matrimonial mate"
HUFFY,Irritated,"Annoyance displayed / Quick to take offense shown / Easily offended"
HULKY,Massive,"Large and muscular / Intimidating in size / Powerfully built"
HYDRA,Monster,"Many heads regrow / Mythological beast lives / Cut one two appear"
HYPED,Excited,"Enthusiasm cranked / Promotion pushed the product / Energy increased"
ICIER,Colder,"More frozen than that / Temperature dropped further / Hostility grew"
IDLED,Lingered,"Engine ran in place / Time was wasted doing naught / Inactive waiting"
IMBED,Embed,"Fix firmly within / Plant deep in the material / Alternate spelling"
INAPT,Unsuitable,"Not appropriate here / Wrong for the situation / Ill-fitted choice"
INCEL,Celibate,"Involuntary state / Online community dark / Resentment festers"
INKED,Tattooed,"Design permanent / Contract signature made / Pen marked the page"
INSET,Insert,"Smaller inside piece / Map corner shows detail / Placed within the whole"
INTEL,Information,"Intelligence gathered / Data for decision made / Knowledge collected"
INURE,Harden,"Accustomed to pain / Exposure built tolerance / No longer bothered"
IRKED,Annoyed,"Irritation sparked / Small thing caused big bother / Patience was tested"
IVIED,Covered,"Vines climbed the walls / Green growth enveloped all / Academic look"
JADED,Cynical,"Wonder has departed / Too much experience / Enthusiasm gone"
JANKY,Shabby,"Poor quality shown / Unreliable and cheap / Sketchy and broken"
JAPED,Joked,"Jest was made in fun / Mockery delivered light / Humor attempted"
JAWED,Talked,"Conversation long / Chatting went on and on / Discussion happened"
JERRY,Makeshift,"Rigged in haste crude / Temporary fix applied / Improvised poorly"
JIBED,Agreed,"Sailing turn was made / Opinions matched up well / Harmony achieved"
JIHAD,Struggle,"Holy war concept / Internal spiritual fight / Islamic principle"
JIMMY,Pry,"Crowbar does the work / Forcing open what was locked / Name also common"
JOKED,Kidded,"Humor was attempted / Laughter was the goal here / Wit was displayed"
JOKEY,Humorous,"Full of playful jest / Not to be taken serious / Lighthearted approach"
JOULE,Unit,"Energy measured / Work and heat quantified / Physics standard named"
JOWLY,Fleshy,"Cheeks hang with extra / Facial droop apparent / Loose skin evident"
JUDGY,Critical,"Quick to criticize / Opinions formed too fast / Disapproval shown"
JUKED,Dodged,"Fake move succeeded / Defender was left behind / Evasion complete"
JULEP,Drink,"Mint and bourbon meet / Kentucky Derby classic / Sweet Southern cocktail"
JUNKY,Shabby,"Poor quality made / Addicted to substances / Worthless condition"
KABOB,Skewer,"Meat on stick grilled / Middle Eastern favorite / Chunks cooked over flame"
KAPUT,Broken,"No longer working / Done and finished completely / Destroyed beyond use"
KARAT,Purity,"Gold measured by this / Twenty-four means pure metal / Quality standard"
KEMPT,Neat,"Tidy and well-groomed / Opposite of unkempt state / Care was taken here"
KEYED,Scratched,"Surface was damaged / Excited state achieved / Lock was opened"
KIDDO,Child,"Affectionate term / Young one addressed with warmth / Little one named"
KINDA,Sort of,"Kind of abbreviated / Somewhat of this nature / Informal speech"
KISSY,Affectionate,"Wanting to smooch / Full of romantic gestures / Lovey-dovey mood"
KLUTZ,Clod,"Clumsy person trips / Coordination lacking / Graceless movement made"
KNISH,Pastry,"Jewish comfort food / Dough wrapped around filling / Eastern European"
KOOKY,Eccentric,"Strange in a fun way / Unconventional behavior / Quirky personality"
KORAN,Scripture,"Islamic holy book / Divine revelation text / Muslim faith's guide"
KUDOS,Praise,"Acclaim given here / Recognition deserved / Credit where it's due"
KUDZU,Vine,"Invasive plant spreads / Southern US problem grows / Smothering the land"
KUGEL,Casserole,"Jewish noodle dish / Baked pudding comfort food / Sweet or savory"
KVELL,Gloat,"Yiddish pride expressed / Bursting with joy for success / Parental bragging"
LACED,Tied,"Shoes secured with string / Drink was spiked with something / Pattern interwoven"
LACEY,Delicate,"Fabric shows the holes / Decorative and feminine / Intricate design"
LAITY,Laypeople,"Non-clergy members / Religious community / Ordinary faithful"
LAMED,Crippled,"Movement was impaired / Hebrew letter also named / Injury occurred"
LAMER,Weaker,"More feeble than that / Excuse even worse / Less convincing still"
LARCH,Tree,"Conifer drops needles / Deciduous evergreen / Mountain timber grows"
LATEX,Rubber,"Stretchy material / Gloves made from this substance / Natural tree sap"
LATKE,Pancake,"Potato fried crisp / Hanukkah celebration / Jewish comfort food"
LAVED,Washed,"Water cleansed the form / Bathing done with care / Poetic cleaning"
LAYUP,Shot,"Easy basket made / Close range scoring attempt / Simple point achieved"
LAZED,Lounged,"Nothing much was done / Relaxation took over / Idleness embraced"
LEGIT,Legitimate,"Real and authentic / Valid without question / Genuine confirmed"
LEMMA,Proposition,"Math theorem helper / Linguistic dictionary form / Preliminary proof"
LETUP,Pause,"Relief finally came / Intensity decreased some / Break in the pressure"
LEVEE,Embankment,"Flood wall holds the water / River barrier stands / Protection from surge"
LEXIS,Vocabulary,"Words of a language / Linguistic stock measured / Dictionary's domain"
LIFER,Inmate,"Prison term forever / Career soldier serves long / Committed for life"
LIKED,Enjoyed,"Approval was given / Fondness was expressed / Social media clicked"
LIMEY,British,"Sailor nickname stuck / Vitamin C prevented scurvy / English slang term"
LINED,Marked,"Paper had the guides / Queue formed in order / Wrinkles showed age"
LIPPY,Mouthy,"Back talk delivered / Impertinent speech given / Disrespectful words"
LITER,Measure,"Metric volume unit / Liquid quantity named / Thousand milliliters"
LITRE,Volume,"British spelling waits / Same measure different form / Metric standard"
LIVED,Existed,"Life was experienced / Dwelling was inhabited / Survived the ordeal"
LIVEN,Enliven,"Make more exciting / Energy injection given / Bring life to the thing"
LOBED,Divided,"Sections rounded out / Ear's lower part described / Botanical term"
LOESS,Soil,"Wind-blown sediment / Fertile yellow earth / Geological deposit"
LOGON,Access,"Computer entry / Authentication begins / Session starts now"
LOLLY,Candy,"Sucker on a stick / British slang for money / Sweet treat enjoyed"
LONER,Solitary,"Preferring alone / Social contact avoided / Independence rules"
LOONY,Crazy,"Sanity departed / Canadian dollar coin / Mad as they come"
LOPED,Galloped,"Long strides covered ground / Easy running rhythm / Bounding gait achieved"
LORDY,Exclamation,"Surprise expressed loud / Southern interjection / Goodness gracious me"
LOTTO,Lottery,"Numbers bring the dream / Jackpot hopefuls wait / Lucky draw tonight"
LOTUS,Flower,"Sacred bloom floats pure / Rising from the muddy depths / Eastern symbol shines"
LOVED,Adored,"Affection was given / Deep caring was expressed / Heart belonged to one"
LUBED,Oiled,"Friction was reduced / Machinery ran smooth / Slippery applied"
LUCRE,Money,"Filthy kind implies / Profit gained through wrong / Cash by any name"
LUGER,Pistol,"German handgun named / Olympic sled sport too / Weapon historical"
LURED,Enticed,"Temptation succeeded / Bait attracted the target / Drawn in by the trap"
LUTED,Sealed,"Airtight bond was made / Stringed instrument played / Chemistry closure"
MALTY,Flavorful,"Beer taste described / Barley essence present / Rich and grain-like"
MAMBA,Snake,"Deadly African / Speed and venom combined / Fatal bite awaits"
MANNA,Food,"Heaven sent the bread / Miraculous provision / Divine sustenance"
MANSE,House,"Clergy residence / Minister's home provided / Church property"
MATED,Paired,"Reproduction done / Chess victory achieved / Partner was found"
MATZO,Bread,"Unleavened and flat / Passover requirement / Exodus remembered"
MAVEN,Expert,"Knowledge runs deep / Authority in the field / Go-to person here"
MAXED,Peaked,"Limit was reached full / Credit card exhausted / Maximum achieved"
MENSA,Society,"High IQ required / Intellectual club / Genius gathering"
MESHY,Netted,"Full of holes and gaps / Fabric see-through quality / Grid-like structure"
MESSY,Untidy,"Disorder prevails / Cleanliness absent here / Chaos visible"
METED,Dispensed,"Justice handed out / Portions allocated / Punishment given"
METRE,Measure,"British length spelling / Poetry's rhythmic pattern / Metric standard"
MEWED,Cried,"Cat sound was made / Gull called from the shore / Caged hawk waited"
MEZZO,Middle,"Soprano's lower range / Italian for medium / Half of something more"
MIASM,Vapor,"Noxious air rises / Disease theory old / Poisonous atmosphere"
MIKED,Amplified,"Microphone attached / Sound was captured properly / Audio enhanced"
MILER,Runner,"Four laps around track / Distance specialty athlete / Middle distance star"
MIMED,Acted,"Silent performance / Gestures told the story / Words were not needed"
MINED,Extracted,"Earth gave up its treasure / Data was harvested / Resources removed"
MIRED,Stuck,"Trapped in the muddy / Difficulties surrounded / Progress was halted"
MISTY,Foggy,"Haze obscures the view / Moisture fills the air / Eyes tear up with emotion"
MIXED,Blended,"Combination made / Ingredients were combined / Confusion resulted"
MIXER,Blender,"Appliance churns / Social gathering held / DJ works the board"
MIXUP,Confusion,"Error occurred here / Things got crossed and tangled / Mistake was made"
MOCHI,Treat,"Japanese rice cake / Chewy sweet dessert / Pounded glutinous"
MODUS,Method,"Operandi follows / Way of doing things / Mode of operation"
MOLLY,Drug,"MDMA street name / Fish type also known / Common girl's name"
MOMMA,Mother,"Maternal figure / Caregiver addressed / Parent affection"
MOOED,Lowed,"Cow made its sound / Bovine vocalization / Pasture conversation"
MOPED,Sulked,"Brooded without words / Small motorized bike rode / Depression showed"
MOPER,Sulker,"One who pouts all day / Melancholy personified / Gloomy individual"
MOPEY,Glum,"Sadness on display / Low spirits prevalent / Downcast demeanor"
MORAY,Eel,"Ocean predator / Hiding in the reef crevice / Teeth ready to strike"
MOSEY,Stroll,"Slow amble along / Unhurried movement made / Wandering with ease"
MOULD,Form,"British shape spelling / Fungus grows in damp / Cast creates the copy"
MOUSY,Timid,"Quiet and withdrawn / Brown and unremarkable / Shy like the rodent"
MOVED,Relocated,"Position was changed / Emotions were stirred / Progress was made"
MOWED,Cut,"Grass was trimmed down / Lawn maintenance completed / Enemies defeated"
MOXIE,Courage,"Spirit and nerve shown / Bold determination / Fearless attitude"
MUSED,Pondered,"Thoughts were contemplated / Inspiration was considered / Reflection occurred"
MUSSY,Messy,"Disheveled and rumpled / Untidy appearance / Unkempt condition"
MUTED,Softened,"Volume was reduced / Colors were subdued / Sound was silenced"
NABOB,Mogul,"Wealthy person sits / Historical Indian official / Big shot in power"
NACHO,Chip,"Cheese-covered tortilla / Mexican appetizer / Game day favorite"
NAGGY,Pestering,"Constant complaints made / Repetitive criticism / Irritating reminders"
NAKED,Bare,"Nothing covers skin / Truth exposed completely / Vulnerable and raw"
NAMED,Called,"Title was given / Identification made / Specified clearly"
NAPPY,Diaper,"British baby wear / Hair texture described / Rest taken briefly"
NEWSY,Informative,"Full of current events / Chatty and gossipy / News-filled content"
NEXUS,Connection,"Central linking point / Network's core established / Hub of activity"
NIFTY,Clever,"Neat and effective / Stylishly impressive / Handy and useful"
NIMBY,Protester,"Not in my backyard / Local opposition voiced / Resistance to change"
NIPPY,Chilly,"Cold bite in the air / Quick and agile movement / Brisk temperature"
NITRO,Explosive,"Nitrogen compound / Cold brew coffee style / Power boosted fast"
NIXED,Rejected,"Veto was applied / Plan was cancelled quick / Refusal given"
NOSED,Sniffed,"Scent was followed close / Prying into business / Lead was narrow"
NOTED,Observed,"Recognition given / Attention was paid / Written down for record"
NUKED,Destroyed,"Microwave heated / Nuclear attack launched / Completely ruined"
NUTSO,Crazy,"Insane behavior / Completely out of mind / Bonkers described"
OARED,Rowed,"Paddle propelled boat / Equipped with rowing tools / Water travel made"
OASIS,Refuge,"Desert water found / Relief amid the harsh / Green spot in dry land"
OCHRE,Color,"Yellow-brown earth tone / Pigment from the ground / Ancient paint still used"
ODEUM,Theater,"Concert hall awaits / Greek performance venue / Music echoes here"
OFFED,Killed,"Slang for murder done / Eliminated completely / Taken out for good"
OGLED,Stared,"Eyes lingered too long / Inappropriate looking / Gawking at someone"
OGLER,Leerer,"One who stares too much / Making others uncomfortable / Creepy observer"
OILED,Lubricated,"Friction was reduced / Machine runs smooth / Skin was moisturized"
OILER,Worker,"Petroleum employee / One who applies lubricant / Houston team name"
OKAPI,Animal,"Giraffe's shy cousin / Striped legs forest dweller / Congo mystery"
OLDIE,Classic,"Song from the past / Something old but loved / Vintage treasure kept"
OOMPH,Energy,"Power and vigor / Extra push applied / Attractive quality"
OOZED,Seeped,"Slowly leaked out / Exuded with viscosity / Dripped in thick flow"
OPTED,Chose,"Selection was made / Decision to participate / Preference expressed"
ORATE,Speak,"Formal speech given / Public speaking performed / Eloquence displayed"
ORBED,Spherical,"Round and circular / Shaped like a ball / Globe-like appearance"
OUIJA,Board,"Spirit communication / Planchette moves mysteriously / Seance tool waiting"
OUTED,Exposed,"Secret revealed / Hidden truth made public / Identity disclosed"
OUTRE,Bizarre,"Unconventional style / Beyond normal boundaries / French for outlandish"
OWNED,Possessed,"Property belonged / Dominated completely / Admitted the truth"
OXBOW,Bend,"River curves sharply / U-shaped lake formed / Meandering water"
PACED,Walked,"Back and forth movement / Speed was regulated / Measured the distance"
PACER,Runner,"One who sets the speed / Heart rhythm device / Leader of the pack"
PADRE,Priest,"Father in Spanish / Military chaplain serves / Religious figure"
PAEAN,Hymn,"Song of praise rises / Joyful tribute expressed / Celebration sung"
PAGED,Called,"Summoned by announcement / Book numbers marked / Beeper went off"
PAGER,Device,"Old communication / Beeping when message came / Pre-cell technology"
PALED,Whitened,"Color drained away / Comparison diminished / Fear showed on face"
PANDA,Bear,"Black and white beauty / Bamboo eating treasure / China's gentle giant"
PANTY,Undergarment,"Intimate apparel / Worn beneath the clothes / Raid mentioned often"
PARCH,Dry,"Moisture removed all / Thirst became severe / Heat withered plants"
PARED,Trimmed,"Skin was removed thin / Reduced to essential / Cut away excess"
PASSE,Outdated,"No longer fashionable / Time has moved beyond / Old news already"
PAVED,Covered,"Road surface was laid / Way was prepared smooth / Path made accessible"
PAVER,Brick,"Stone for the walkway / Worker laying the surface / Garden path maker"
PAWED,Touched,"Animal's foot contact / Handled clumsily / Searching through items"
PEEVE,Annoyance,"Pet irritation / Small thing that bothers much / Particular bother"
PEONY,Flower,"Lush bloom opens full / Pink and fragrant garden star / Beauty brief but bright"
PEPPY,Energetic,"Full of vim and vigor / Bouncy and enthusiastic / Lively attitude"
PETER,Fade,"Energy ran out / Name also commonly used / Diminish slowly"
PETIT,Small,"French for little / Petite in stature / Delicate and fine"
PETRI,Dish,"Culture growing plate / Laboratory essential / Bacteria's home"
PHISH,Scam,"Online fraud attempt / Band name also / Stealing information"
PIKED,Pointed,"Sharp end positioned / Body bent at waist / Dive position held"
PIKER,Cheapskate,"Unwilling to bet big / Stingy participant / Small-time operator"
PILAF,Rice,"Seasoned grain dish / Middle Eastern favorite / Flavored with broth"
PILED,Stacked,"Heap was created / Accumulation grew / Layers built up high"
PINED,Yearned,"Longing consumed heart / Missing deeply felt / Grief for the absent"
PINOT,Wine,"Grape variety / Noir or Grigio follows / French wine classic"
PINUP,Poster,"Attractive image / Wall decoration model / Glamour displayed"
PIPED,Channeled,"Music came through / Decoration squeezed on / Voice spoke up suddenly"
PIPET,Tube,"Laboratory tool / Liquid measured precisely / Dropper for science"
PISTE,Slope,"Ski run marked clear / Fencing strip bounded / French for track"
PLASM,Substance,"Living matter base / Cytoplasm shortened / Biological fluid"
PLEBE,Freshman,"First-year cadet / Lowest rank at academy / Newcomer learning"
PLINK,Sound,"Light metallic ping / Casual shooting done / Musical note plucked"
PLONK,Wine,"Cheap bottle opened / Sound of dropping down / Inferior vintage"
POACH,Steal,"Eggs cooked gently / Animals taken illegally / Talent recruited wrongly"
POKED,Prodded,"Finger jabbed forward / Social media checked / Investigation done"
POKEY,Jail,"Slow moving pace / Prison slang term / Small and cramped space"
POLED,Pushed,"Boat propelled along / Vault attempted / Stick used for movement"
POLIO,Disease,"Paralysis strikes / Vaccine nearly eliminated / Iron lung memories"
POLIS,City,"Greek city-state / Police shortened sometimes / Political community"
POOFY,Fluffy,"Volume expanded / Air filled the material / Big and puffy style"
POPUP,Appear,"Sudden window shows / Temporary store opens / Surprise emerges"
PORED,Studied,"Examined closely / Reading with attention / Absorbed in the text"
PORKY,Chubby,"Pig-like in build / Pudgy appearance / Rotund physique shown"
POSED,Positioned,"Stance was assumed / Question was presented / Modeling for camera"
POTTY,Toilet,"Child's training seat / Slightly crazy described / Bathroom informal"
PRICY,Expensive,"Costs more than expected / Alternate spelling used / Budget stretched thin"
PRIMA,First,"Donna follows often / Leading lady named / Principal position"
PRION,Protein,"Misfolded killer / Brain disease cause / Infectious particle"
PRISS,Fuss,"Overly proper / Affectation displayed / Prissy behavior"
PROLE,Worker,"Working class member / Proletariat shortened / Ordinary person"
PROMO,Advertisement,"Promotional material / Marketing content / Advance publicity"
PROTO,First,"Original version / Prefix meaning early / Prototype precursor"
PSHAW,Dismissal,"Expression of contempt / Disbelief vocalized / Scorn made audible"
PSYCH,Mind,"Mental discipline / Tricked and fooled / Soul in Greek origin"
PSYOP,Operation,"Psychological warfare / Military information / Mind manipulation"
PUBIS,Bone,"Pelvic area / Anatomical term / Lower abdomen"
PUDGE,Chub,"Extra softness / Slight overweight / Affectionate chubbiness"
PUKED,Vomited,"Stomach rejected / Contents came back up / Illness expelled"
PUNKY,Rebellious,"Punk rock styled / Poor quality described / Attitude displayed"
PUNNY,Wordplay,"Full of puns / Dad joke territory / Humor through language"
PUPAE,Stage,"Insects transforming / Plural of pupa / Metamorphosis phase"
PWNED,Defeated,"Gaming victory / Owned misspelled becomes slang / Dominated completely"
PYLON,Marker,"Traffic cone large / Electrical tower stands / Boundary established"
QUAFF,Drink,"Hearty swallow taken / Beer consumed with gusto / Deep draft enjoyed"
QUANT,Analyst,"Quantitative expert / Financial math wizard / Data professional"
QUESO,Cheese,"Spanish word for it / Melted dip for chips / Tex-Mex favorite"
QURAN,Book,"Islamic scripture / Holy text recited / Divine revelation"
RACED,Sped,"Competition ran / Heart beat quickly / Time was fought against"
RADON,Gas,"Radioactive element / Basement hazard found / Silent deadly threat"
RAGED,Stormed,"Fury was expressed / Storm intensified / Anger unleashed full"
RAGER,Party,"Wild celebration / One who shows great fury / Intense gathering"
RAKED,Gathered,"Leaves collected up / Gunfire swept across / Profits accumulated"
RANGY,Lean,"Long-limbed and thin / Wide-ranging coverage / Gangly appearance"
RATED,Evaluated,"Score was given / Classification assigned / Judgment rendered"
RATER,Judge,"One who evaluates / Scoring authority / Assessment giver"
RAVED,Praised,"Enthusiasm poured / Delirious talking / Party scene attended"
RAVER,Dancer,"Electronic music fan / Party attendee wild / Enthusiastic one"
RAZED,Demolished,"Building torn down / Destroyed to the ground / Flattened completely"
REBID,Retry,"Auction attempt again / Bridge play strategy / Second offer made"
REBUY,Repurchase,"Buying back the thing / Poker tournament option / Second purchase made"
RECON,Scout,"Reconnaissance done / Military survey / Information gathered"
REDID,Repeated,"Done over again / Changed what was finished / Second attempt made"
REDUB,Rename,"New title given / Recording voice again / Dubbing repeated"
REDUX,Returned,"Brought back again / Latin for restored / Revisited work"
REFRY,Recook,"Beans cooked twice / Frying done again / Heat applied second time"
REIFY,Materialize,"Abstract made concrete / Concept becomes real / Treating as tangible"
REIKI,Healing,"Energy work done / Japanese practice / Spiritual palm therapy"
REMAP,Redirect,"Route changed new / Controls reassigned / Boundaries redrawn"
REMIX,Remake,"Song altered fresh / Different version created / Music transformed"
RERAN,Repeated,"Show broadcast again / Race was run once more / Past tense of rerun"
RESAW,Reviewed,"Witnessed once more / Cut with saw again / Looked at a second time"
RESOD,Replant,"New grass laid down / Lawn replaced fresh / Turf installed again"
RETAG,Relabel,"New tag attached / Identification changed / Marked once more"
RETIE,Refasten,"Knot made again / Shoes secured once more / Bond restored"
REWAX,Polish,"Shine restored new / Floor treatment repeated / Surface sealed again"
REWON,Reclaimed,"Victory repeated / Prize taken back / Won again successfully"
RHEUM,Discharge,"Watery eye mucus / Cold symptom appears / Medical term"
RICIN,Poison,"Deadly toxin waits / Castor bean extract / Bioweapon threat"
RILED,Angered,"Irritation stirred / Temper was provoked / Annoyance caused"
RITZY,Fancy,"Elegant and posh / High-class atmosphere / Luxurious style"
RIVEN,Split,"Torn apart by force / Divided violently / Fractured completely"
ROBED,Dressed,"Formal garment worn / Covered in flowing cloth / Judge's attire on"
ROMAN,Latin,"Empire's legacy / Typeface upright standing / Classical civilization"
ROPED,Lassoed,"Caught with the lariat / Brought into the scheme / Tied and secured"
ROPER,Cowboy,"One who throws lasso / Cattle handler skilled / Western ranch hand"
ROSIN,Resin,"Bow friction source / Pine tree extract / Sticky substance applied"
ROUST,Evict,"Rough hands shake the dream / No more rest for weary souls / Morning comes by force"
ROVED,Wandered,"Traveled without aim / Roaming far and wide / Nomadic movement"
ROWED,Paddled,"Oars pulled through water / Argument was had / Line was formed"
RUBLE,Currency,"Russian money unit / Soviet era continued / Monetary value"
RUING,Regretting,"Feeling sorry now / Lamenting past decisions / Repentance ongoing"
RULED,Governed,"Authority exercised / Line was drawn straight / Decision was made"
RUMMY,Card game,"Matching sets and runs / Gin variety popular / Also means strange"
RUNNY,Liquid,"More liquid than wanted / Nose drips constantly / Consistency too thin"
RUNUP,Approach,"Lead before the jump / Period leading to event / Increase before peak"
SABER,Sword,"Curved blade swings / Cavalry weapon / Fencing discipline"
SABLE,Black,"Dark fur valued high / Heraldic color named / Marten's precious coat"
SABRE,Sword,"British spelling waits / Same weapon different / Alternative form"
SAGGY,Drooping,"Gravity has won / Firmness departed / Hanging low and loose"
SAMBA,Dance,"Brazilian rhythm moves / Carnival celebration / Festive hip shaking"
SAMEY,Similar,"Too much alike / Lacking distinction / Repetitive feeling"
SATED,Satisfied,"Hunger was fulfilled / Desire completely met / Enough was consumed"
SAVED,Rescued,"Kept from destruction / Money was put away / Data was preserved"
SAVER,Preserver,"One who keeps things safe / Economical person / Screen protecting mode"
SAWED,Cut,"Blade moved back forth / Teeth bit through the wood / Sawing completed"
SCAPE,View,"Landscape shortened / Scene observed / Escape without the e"
SCHMO,Fool,"Stupid person named / Yiddish insult delivered / Ordinary joe"
SCHWA,Sound,"Neutral vowel made / Linguistics term / Upside down e"
SCOOT,Move,"Quick departure made / Slide over for space / Hurry along now"
SCRIP,Certificate,"Temporary money / Substitute currency / Paper promise"
SCROD,Fish,"Young cod prepared / New England specialty / Atlantic catch"
SCUFF,Mark,"Shoes show the wear / Dragging feet leaves traces / Surface scratched light"
SCULL,Row,"Racing boat glides / Oar pivots at stern / Rowing technique"
SEAMY,Sordid,"Dark underbelly / Unpleasant side shown / Rough reality"
SEDER,Meal,"Passover dinner / Ritual feast observed / Jewish tradition"
SEDGE,Grass,"Wetland plant grows / Grass-like but different / Marsh vegetation"
SEWED,Stitched,"Needle pulled thread / Fabric was joined / Mending completed"
SHEAF,Bundle,"Papers bound together / Wheat stalks gathered / Collection tied"
SHILL,Promoter,"Secret accomplice / Fake customer planted / Deceptive endorser"
SHIVA,Mourning,"Jewish grieving time / Seven days observed / Hindu god also"
SHLEP,Carry,"Dragging with effort / Tedious journey made / Yiddish for haul"
SHLUB,Oaf,"Slovenly person / Unattractive described / Yiddish put-down"
SHOED,Fitted,"Horse's hooves covered / Feet were properly covered / Footwear applied"
SHRED,Strip,"Torn into pieces / Guitar solo ripped / Evidence destroyed"
SIDED,Aligned,"Took a position / Joined one party / Covered with material"
SIDLE,Edge,"Moving sideways / Approaching carefully / Easing over slow"
SILTY,Muddy,"Fine sediment rich / River bottom texture / Soil composition"
SINUS,Cavity,"Facial hollow space / Infection causes pain / Air pocket in skull"
SIRED,Fathered,"Offspring produced / Male parentage established / Begotten by him"
SITAR,Instrument,"Indian strings resonate / Raga music flows / Gourd-bodied beauty"
SITED,Located,"Position established / Placed in specific spot / Location chosen"
SITUP,Exercise,"Core strength builder / Abdominal workout / Rising from lying down"
SIZED,Measured,"Dimensions determined / Evaluated for fit / Coated with glue"
SKEET,Shooting,"Clay pigeon sport / Target launched in air / Gun skill tested"
SKEIN,Length,"Yarn wound loose / Thread's measured bundle / Geese flying formation"
SKIED,Descended,"Slopes were conquered / Snow travel completed / Mountain adventure"
SLAKE,Quench,"Thirst was satisfied / Lime was treated wet / Desire fulfilled"
SMARM,Flattery,"Excessive charm / Oily ingratiating / Unctuous behavior"
SMUSH,Squash,"Pressed flat with force / Squished together tight / Informal crushing"
SNARF,Devour,"Eating with gusto / Computing term also / Grabbing quickly"
SNARK,Sarcasm,"Snide commentary / Cutting wit displayed / Attitude shown"
SNOOT,Snob,"Nose in the air / Condescending person / Pretentious attitude"
SOFTY,Pushover,"Easily moved person / Tender-hearted soul / Not tough at all"
SOLED,Bottomed,"Shoe base attached / Fish prepared flat / Foundation added"
SOPPY,Soaked,"Drenched with liquid / Overly sentimental / Wet and dripping"
SOUPY,Thick,"Consistency of soup / Foggy atmosphere / Dense and murky"
SOWED,Planted,"Seeds scattered wide / Future crop begun / Consequences started"
SPIFF,Bonus,"Sales commission paid / Making neat and trim / Cleaning up nice"
SPLAY,Spread,"Fingers extended / Awkwardly spread out / Turned outward"
SPUME,Foam,"Sea spray rises / Froth on angry waves / Nature's white cap"
SQUAB,Pigeon,"Young bird prepared / Dove for the table / Cushioned seat too"
STAPH,Bacteria,"Staphylococcus / Infection causing germ / Medical concern"
STENO,Shorthand,"Stenography practiced / Secretary's skill / Quick notation"
STENT,Device,"Artery kept open / Medical tube inserted / Support structure"
STREP,Bacteria,"Throat infection cause / Streptococcus shortened / Painful swallowing"
STREW,Scatter,"Spreading about random / Objects thrown carelessly / Distribution messy"
STRUM,Play,"Guitar strings brushed / Casual playing style / Music made simple"
SUDSY,Foamy,"Soap bubbles form / Lather covers surface / Clean and bubbly"
SUNUP,Dawn,"Morning light arrives / Day begins its journey / Sunrise moment"
SWAIN,Suitor,"Young lover courts / Rustic boyfriend archaic / Romantic pursuer"
SWALE,Valley,"Low-lying land dips / Drainage area natural / Marshy depression"
SWANG,Swung,"Past tense alternate / Arc completed / Movement through air"
SWANK,Fancy,"Showy and elegant / Stylish display / Ostentatious wealth"
SWIPE,Steal,"Quick theft executed / Card reader motion / Criticism delivered"
SYNCH,Synchronize,"Timing aligned / Harmonized together / In step with each other"
TALKY,Wordy,"Too many words used / Film heavy on dialogue / Conversation excessive"
TALUS,Slope,"Rock debris collected / Ankle bone named / Cliff base accumulation"
TAMED,Domesticated,"Wild nature calmed / Brought under control / Civilization achieved"
TAPED,Recorded,"Audio captured / Adhesive applied / Bound with sticky strip"
TARRY,Linger,"Delay the leaving / Stay longer than planned / Coated with tar"
TASED,Shocked,"Stun gun deployed / Electric current applied / Immobilized target"
TASER,Weapon,"Electric stun gun / Non-lethal force option / Shocking delivery"
TATER,Potato,"Spud by another name / Slang for the tuber / Tot often follows"
TAXED,Burdened,"Revenue collected / Heavily strained / Payment demanded"
TEENY,Tiny,"Very small indeed / Diminutive in size / Little emphasized"
TELOS,End,"Ultimate purpose / Greek for goal / Reason for being"
TEMPT,Entice,"Lure toward desire / Testing willpower / Offering attraction"
TERRY,Cloth,"Towel material / Looped fabric surface / Absorbent texture"
TETRA,Four,"Greek prefix meaning / Aquarium fish named / Number indicated"
THINE,Yours,"Old English possessive / Archaic thy / Shakespeare's language"
TIDED,Lasted,"Carried through time / Brief assistance given / Survived the wait"
TILED,Covered,"Surface decorated / Ceramic squares laid / Pattern established"
TIMED,Measured,"Duration recorded / Clock was watched / Moment chosen well"
TINNY,Thin,"Metallic sound quality / Cheap and hollow / Lacking resonance"
TIRED,Exhausted,"Energy depleted / Rest is needed badly / Worn out completely"
TITER,Level,"Antibody concentration / Laboratory measurement / Medical term"
TOADY,Sycophant,"Flattering for gain / Servile follower / Boot licker personified"
TONED,Fit,"Muscles defined / Color adjusted / Sound was created"
TONER,Ink,"Printer powder / Skin astringent / Color corrector"
TONEY,Upscale,"Fashionable area / High class described / Alternate spelling"
TORAH,Scripture,"Jewish law contained / Five books of Moses / Holy teaching"
TORTE,Cake,"Rich layered dessert / European pastry / Dense and delicious"
TOTED,Carried,"Burden was transported / Load was moved along / Hauling completed"
TOWED,Pulled,"Vehicle dragged behind / Boat brought to shore / Rope provided motion"
TOYED,Played,"Manipulation occurred / Amusement was had / Flirting happened"
TRANS,Across,"Prefix for crossing / Gender identity / Transition indicated"
TREED,Cornered,"Chased up into branches / Trapped with no escape / Hunted to refuge"
TRESS,Lock,"Hair strand falls / Flowing locks described / Poetic for strand"
TRIKE,Tricycle,"Three-wheeled ride / Child's vehicle / Balance not needed"
TRILL,Warble,"Rapid alternation / Bird song vibration / Musical ornament"
TROMP,Stamp,"Heavy walking done / Trudging through with force / Stomping along"
TUBBY,Chubby,"Rounded in shape / Pleasantly plump / Bathtub nickname"
TUBED,Failed,"Down the tube went / Surfing accomplished / Cylinder shaped"
TUFTY,Clumped,"Small bunches formed / Grassy clusters growing / Tufted appearance"
TUMMY,Stomach,"Belly affectionately / Child's word for gut / Informal abdomen"
TUNED,Adjusted,"Pitch was corrected / Channel was selected / Engine optimized"
TUNER,Device,"Pitch correction tool / Radio selector / Guitar accessory"
TWAIN,Two,"Never the meeting / Archaic for pair / Mark's pen name"
TWEEN,Youth,"Between child and teen / Pre-adolescent / Marketing demographic"
TWERK,Dance,"Hip movement provocative / Modern dance style / Booty shaking"
TWERP,Pest,"Annoying person / Small insignificant / Silly young one"
TWILL,Weave,"Diagonal pattern / Fabric type named / Textile technique"
TYPED,Wrote,"Keyboard produced / Classification made / Letters appeared"
ULNAR,Bone,"Forearm's inner bone / Anatomy term / Nerve pathway"
UMBER,Brown,"Dark earth tone / Pigment from ground / Burnt or raw"
UNARM,Disarm,"Weapons removed / Defense stripped away / Made vulnerable"
UNBAG,Remove,"Taking from the bag / Opening the container / Contents revealed"
UNBOX,Open,"Package revealed / New product exposed / Contents discovered"
UNCAP,Open,"Lid removed from top / Restriction lifted / Bottle opened"
UNHIP,Uncool,"Not fashionable / Out of the loop / Square and outdated"
UNJAM,Clear,"Blockage removed / Machine freed up / Paper extracted"
UNPIN,Release,"Fastener removed / Freedom restored / Attachment undone"
UNSAY,Retract,"Words taken back / Wish it wasn't spoken / Cannot be unheard"
UNSEE,Forget,"Cannot be undone / Image stuck in mind / Regret viewing"
UNTAG,Remove,"Label taken off / Social media undone / Identification cleared"
UPEND,Overturn,"Flip over completely / Standing on head / Turn upside down"
UPPED,Raised,"Increased the amount / Bet was elevated / Stakes were heightened"
URGED,Encouraged,"Strongly recommended / Pushed toward action / Advocacy given"
USURY,Lending,"Interest excessive / Exploitative rates / Predatory practice"
VAMPY,Seductive,"Femme fatale style / Alluring and dark / Deliberately sexy"
VAPED,Inhaled,"Electronic smoking / Vapor was consumed / Modern habit formed"
VEINY,Lined,"Blood vessels showing / Raised lines visible / Marbled appearance"
VELDT,Grassland,"African savanna / Open terrain stretches / South African plain"
VENAL,Corrupt,"Susceptible to bribes / Morally compromised / For sale ethics"
VEXED,Annoyed,"Irritation felt / Puzzlement experienced / Troubled state"
VINED,Covered,"Climbing plants grew / Grape-bearing canes / Tendrils spread wide"
VITRO,Glass,"In laboratory / Test tube environment / Latin term used"
VOTED,Chose,"Ballot was cast / Democratic participation / Selection made"
VOWED,Promised,"Solemn oath taken / Commitment declared / Pledge made sincerely"
VROOM,Sound,"Engine revs loud / Acceleration noise / Speed announced"
WACKO,Crazy,"Mentally unstable / Eccentric extremely / Slang for insane"
WADED,Walked,"Through water trudged / Difficult progress made / Shallow crossing"
WADER,Bird,"Long-legged shore bird / Fisherman's boots / Water walker"
WAGED,Conducted,"War was carried on / Campaign was mounted / Battle engaged"
WAKED,Roused,"Sleep was disturbed / Funeral gathering / Boat's path through water"
WAKEN,Rouse,"Stir from slumber / Bring to consciousness / Awaken alternate"
WANED,Declined,"Moon grew smaller / Interest faded / Strength diminished"
WANLY,Weakly,"Pale and feeble / Lacking strength shown / Feebly expressed"
WAVED,Gestured,"Hand motion made / Goodbye was signaled / Hair styled curved"
WAXED,Polished,"Surface was shined / Moon grew fuller / Hair was removed"
WEEPY,Tearful,"Emotional and sad / Prone to crying / Sentimental mood"
WHIZZ,Speed,"Moving fast past / Genius in field / Expert performer"
WHOMP,Hit,"Heavy blow landed / Sound of impact / Defeated soundly"
WHORL,Spiral,"Circular pattern / Fingerprint design / Shell's twisted form"
WILED,Lured,"Time was passed / Charmed seductively / Spent pleasantly"
WINED,Dined,"Entertainment complete / Alcohol provided / Courted and fed"
WIPED,Cleaned,"Surface was cleared / Data was erased / Exhaustion felt"
WIPER,Blade,"Windshield cleaner / One who wipes things / Rain remover"
WIRED,Connected,"Electrically linked / Caffeinated alert / Nervous and tense"
WONKY,Unstable,"Off-kilter and shaky / Not working right / Crooked condition"
WOOED,Courted,"Romance was pursued / Affection was sought / Seduction attempted"
WORMY,Infested,"Worms are present / Suspicious looking / Rotten condition"
WOWED,Impressed,"Amazement achieved / Admiration won / Stunned with delight"
WURST,Sausage,"German preparation / Bratwurst and others / Encased meat"
XENON,Gas,"Noble element / Headlight technology / Atomic fifty-four"
XEROX,Copy,"Photocopy brand / Duplicate created / Machine reproduced"
YAHOO,Exclamation,"Joy shouted out / Internet company / Uncouth person"
YAPPY,Barking,"Small dog's habit / Noisy and annoying / Shrill vocalization"
YEESH,Expression,"Exasperation voiced / Mild disgust shown / Yiddish influenced"
YODEL,Sing,"Alpine voice technique / Rapid pitch changes / Mountain music style"
YOKED,Joined,"Oxen bound together / United in purpose / Connected at neck"
YOKEL,Rustic,"Country bumpkin / Unsophisticated person / Rural naive"
YUCCA,Plant,"Desert survivor / Spiky leaves point up / Southwestern native"
YUCKY,Disgusting,"Unpleasant to taste / Gross and repelling / Childish rejection"
YUMMY,Delicious,"Tasty and pleasing / Appetite approved / Good to eat"
ZILCH,Nothing,"Zero and none / Absolutely nothing / Complete absence"
ZIPPY,Quick,"Fast and energetic / Lively movement / Speedy and fun"
ZONED,Designated,"Area classified / Spaced out mentally / Land use defined"
ZOWIE,Exclamation,"Surprise expressed / Enthusiasm shown / Vintage excitement"
ANIMA,Soul,"She breathes just beneath / The mask worn for the whole world / Whispering her name"
ANOLE,Lizard,"A flash of bright green / Throat puffs red on the warm wall / Gone before you blink"
AXING,Chopping,"The handle swings down / What stood for years falls apart / Splinters hit the ground"
BABEL,Chaos,"A thousand voices / Drown each other in the crowd / Silence would say more"
BARRE,Exercise,"Hands grip the smooth rail / Legs burn through the last ten counts / Elegance costs sweat"
BELAY,Secure,"The tight rope holds fast / Trust your partner on the wall / Gravity can wait"
BENTO,Lunchbox,"Rice beside the plum / Each small space a tiny world / Lid clicks shut with care"
BERYL,Mineral,"Pale green in the rock / Light bends through the crystal face / Earth hid this for years"
BLOOP,Error,"The ball drops just past / Shortstop's glove in shallow grass / Cheapest hit there is"
BORIC,Acidic,"White powder on shelves / Roaches scatter from its dust / Quiet chemistry"
BREAM,Fish,"Scales catch the low sun / Pulled from the river at dusk / Pan sizzles with joy"
BRUIN,Bear,"Tracks pressed in the mud / The forest holds its breath now / Something large passed through"
CAPON,Rooster,"Plump bird on the spit / It grew fat through a still life / Golden skin now crisps"
CARER,Caretaker,"Her hands never rest / Smoothing blankets reading charts / Love disguised as work"
CAROB,Pod,"Not quite chocolate / But the pod tree tries its best / Sweet enough for some"
CHILE,Pepper,"One bite lights a fire / Sweat beads on the upper lip / Reach for the cold milk"
CHOUX,Pastry,"Steam puffs the dough round / Hollow shells wait for the cream / French ovens breathe art"
CHURL,Boor,"He slams every door / No please or thank you offered / Kindness wasted here"
CILIA,Hairs,"Thousands wave in time / Sweeping dust along the dark / Tiny brooms of flesh"
CLAVE,Rhythm,"Two sticks crack the beat / Dancers wait for that sharp pulse / Cuba finds its groove"
COATI,Mammal,"Long nose in the leaves / Ringed tail bobs above the brush / Sniffing out a meal"
CRUET,Vessel,"Glass catches the light / Oil and vinegar stand paired / Dinner waits for them"
CURIA,Court,"Red robes fill the hall / Old men weigh the church's course / Rome decides in stone"
DISHY,Attractive,"Heads turn when she walks / Conversation loses track / What were we saying"
DRECK,Trash,"Piled high by the curb / Nothing in it worth the keep / Junk knows what it is"
EVERT,Turn,"Peel the glove back whole / What was in now faces out / Inside meets the air"
FRANC,Currency,"Coins jingle in palms / Before the euro took hold / Old Paris still spends"
FUGAL,Musical,"One voice starts alone / Others chase it through the bars / Tangled into one"
GERMY,Infected,"Don't touch the handle / Someone coughed here just before / Wash twice to be safe"
GLACE,Iced,"Sugar hardens bright / Cherry gleams beneath the coat / Sweetness sealed in glass"
GLUEY,Sticky,"Fingers stick to all / Every surface grabs and holds / Nothing pulls apart"
HAMMY,Theatrical,"He dies on the stage / Clutching his chest far too long / The audience groans"
HOLEY,Perforated,"Light peeks through each gap / The old sweater tells its years / Threadbare but still loved"
HUGGY,Affectionate,"Arms open again / She greets strangers like old friends / Warmth has no off switch"
JAMMY,Lucky,"He wins every time / Fortune falls right in his lap / Some are born that way"
KEFIR,Drink,"Cultures swirl and grow / Tart and thick inside the glass / Living milk transforms"
LICIT,Legal,"The papers check out / Everything above the board / Law approves this time"
LORIS,Primate,"Two wide eyes blink slow / Tiny hands grip the branch tight / Night belongs to her"
LOUPE,Lens,"One eye closes shut / The diamond reveals its flaws / Closer than you think"
MALIC,Acidic,"Bite a Granny Smith / That sharp sting beneath the sweet / Green apples fight back"
MELTY,Soft,"Cheese pulls in long strings / Nothing keeps its shape near heat / Warm surrender comes"
MERCH,Merchandise,"The band name on shirts / Fans line up to wear the tour / Walking billboards leave"
MIRIN,Seasoning,"A splash in the pan / Sweetness blooms beneath the steam / Tokyo at dusk"
MITER,Joint,"Two boards meet exact / The corner hides where they join / Angles tell no lies"
MOONY,Dreamy,"She stares out the glass / Lost somewhere the rest can't reach / Sighing at the sky"
MOREL,Mushroom,"Rain soaks the forest / Honeycomb caps push through leaves / Worth more than they look"
NATTY,Smart,"Sharp crease down the leg / Not a thread out of its place / Dressed to be noticed"
NODAL,Central,"All paths cross right here / The network hums through this point / Everything connects"
OCHER,Pigment,"Cave walls still hold hands / Pressed in pigment long ago / Earth remembers us"
PANKO,Breadcrumbs,"Light flakes catch the oil / Golden crust shatters the bite / Crunch that can't be beat"
PANSY,Flower,"Velvet faces grin / Purple blooms line the garden / Spring shows off again"
PEATY,Earthy,"Dark soil crumbles rich / Centuries of moss pressed down / Smoke curls from the glass"
PHAGE,Virus,"Smaller than its prey / It hijacks the cell from in / Nature's smallest war"
PLAYA,Lakebed,"Salt crust cracks and gleams / Where water was dust now drifts / Desert keeps the bed"
PORGY,Fish,"Silver sides flash deep / Schooling near the sandy floor / Hook finds one at last"
PRISE,Lever,"Wedge the blade beneath / Stubborn lid resists the pull / Patience pops it free"
RELIT,Reignited,"Match strikes in the dark / The candle breathes once again / Shadows fall in place"
REPOT,Transplant,"Roots coil tight below / Time to give them room to spread / Fresh soil bigger home"
SATAY,Skewer,"Smoke curls from the grill / Peanut sauce drips down the stick / Night market alive"
SCARP,Cliff,"The cliff face drops sheer / One step more and nothing holds / Wind howls at the edge"
SCRIM,Fabric,"Lights shift behind cloth / What was hidden slowly shows / The veil lifts for you"
SHYER,Timider,"She steps behind him / Words dissolve before they form / Quieter each time"
SPORK,Utensil,"It scoops and it stabs / Neither fork nor spoon alone / Lunch tray royalty"
STELE,Monument,"Names chiseled in stone / Centuries of wind and rain / Still the words remain"
STILE,Steps,"Climb two wooden steps / The fence stays whole for the sheep / Walkers carry on"
STOMA,Opening,"A small mouth in green / The leaf breathes where no one looks / Trading air for light"
SYNTH,Keyboard,"Wires hum and glow / Fingers press the keys to dream / Machines learn to sing"
TORTA,Sandwich,"Beans press the warm bread / Layers stack between the crust / Lunch weighs like a brick"
TRIER,Attempter,"Falls down stands back up / The scoreboard never says quit / One more time won't hurt"
UMAMI,Savory,"Broth deepens the tongue / Something rich you cannot name / The fifth taste arrives"
VENTI,Large,"Twenty ounces tall / She needs every drop today / Morning is no joke"
VOILE,Fabric,"Curtain lifts with breeze / Sunlight passes softly through / Almost there not quite"
WHELK,Snail,"Spiral shell rolls in / Tough flesh hides inside the twist / Tide pools keep their own"
WHIRR,Buzz,"Blades spin out of sight / The room fills with steady hum / Motion becomes sound"
WHIST,Game,"Cards slap the felt soft / Partners signal with their eyes / Silence plays to win"
WINEY,Vinous,"Grape flavor persists / Rich and bold upon the tongue / Fermented essence"
